[
{
  "model": "users.user",
  "pk": 1,
  "fields": {
    "password": "pbkdf2_sha256$260000$d8apOyAWZ76i8l38BNHy2f$Tw1NYm0uDocfYKFgMf+HtRHGWWapRrLNzWt8K88Y0Uo=",
    "last_login": "2023-04-18T07:48:04.455Z",
    "is_superuser": true,
    "username": "mbugr",
    "first_name": "",
    "last_name": "",
    "email": "",
    "is_staff": true,
    "is_active": true,
    "date_joined": "2023-04-18T07:09:24.255Z",
    "image": "",
    "birthday": null,
    "identity_confirmed": false,
    "groups": [],
    "user_permissions": []
  }
},
{
  "model": "dishes.ingredient",
  "pk": 1,
  "fields": {
    "name": "Яйцо",
    "name_normalized": "jajtso",
    "moderation_status": "verified"
  }
},
{
  "model": "dishes.ingredient",
  "pk": 2,
  "fields": {
    "name": "Сливочное масло",
    "name_normalized": "slivochnoemaslo",
    "moderation_status": "verified"
  }
},
{
  "model": "dishes.ingredient",
  "pk": 3,
  "fields": {
    "name": "Зелёный горошек",
    "name_normalized": "zelenyjgoroshek",
    "moderation_status": "verified"
  }
},
{
  "model": "dishes.ingredient",
  "pk": 4,
  "fields": {
    "name": "Капуста квашенная",
    "name_normalized": "kapustakvashennaja",
    "moderation_status": "verified"
  }
},
{
  "model": "dishes.ingredient",
  "pk": 5,
  "fields": {
    "name": "Маринованные огурцы",
    "name_normalized": "marinovannyeogurtsy",
    "moderation_status": "verified"
  }
},
{
  "model": "dishes.ingredient",
  "pk": 6,
  "fields": {
    "name": "Картошка",
    "name_normalized": "kartoshka",
    "moderation_status": "verified"
  }
},
{
  "model": "dishes.ingredient",
  "pk": 7,
  "fields": {
    "name": "Лук",
    "name_normalized": "luk",
    "moderation_status": "verified"
  }
},
{
  "model": "dishes.ingredient",
  "pk": 8,
  "fields": {
    "name": "Свекла",
    "name_normalized": "svekla",
    "moderation_status": "verified"
  }
},
{
  "model": "dishes.ingredient",
  "pk": 9,
  "fields": {
    "name": "Морковь",
    "name_normalized": "morkov'",
    "moderation_status": "verified"
  }
},
{
  "model": "dishes.ingredient",
  "pk": 10,
  "fields": {
    "name": "Укроп",
    "name_normalized": "ukrop",
    "moderation_status": "verified"
  }
},
{
  "model": "dishes.ingredient",
  "pk": 11,
  "fields": {
    "name": "Растительное масло",
    "name_normalized": "rastitel'noemaslo",
    "moderation_status": "verified"
  }
},
{
  "model": "dishes.ingredient",
  "pk": 12,
  "fields": {
    "name": "Клубника",
    "name_normalized": "klubnika",
    "moderation_status": "verified"
  }
},
{
  "model": "dishes.ingredient",
  "pk": 13,
  "fields": {
    "name": "Вода",
    "name_normalized": "voda",
    "moderation_status": "verified"
  }
},
{
  "model": "dishes.ingredient",
  "pk": 14,
  "fields": {
    "name": "Сахар",
    "name_normalized": "sahar",
    "moderation_status": "verified"
  }
},
{
  "model": "dishes.ingredient",
  "pk": 15,
  "fields": {
    "name": "Лимонная кислота",
    "name_normalized": "limonnajakislota",
    "moderation_status": "verified"
  }
},
{
  "model": "dishes.dishtype",
  "pk": 1,
  "fields": {
    "name": "Напиток"
  }
},
{
  "model": "dishes.dishtype",
  "pk": 2,
  "fields": {
    "name": "Салат"
  }
},
{
  "model": "dishes.dishtype",
  "pk": 3,
  "fields": {
    "name": "Суп"
  }
},
{
  "model": "dishes.dishtype",
  "pk": 4,
  "fields": {
    "name": "Основное блюдо"
  }
},
{
  "model": "dishes.ingredientinstance",
  "pk": 1,
  "fields": {
    "dish": 1,
    "ingredient": 1,
    "quantity": 2.0,
    "quantity_type": "piece"
  }
},
{
  "model": "dishes.ingredientinstance",
  "pk": 2,
  "fields": {
    "dish": 1,
    "ingredient": 2,
    "quantity": 10.0,
    "quantity_type": "gram"
  }
},
{
  "model": "dishes.ingredientinstance",
  "pk": 4,
  "fields": {
    "dish": 2,
    "ingredient": 1,
    "quantity": 2.0,
    "quantity_type": "piece"
  }
},
{
  "model": "dishes.ingredientinstance",
  "pk": 5,
  "fields": {
    "dish": 3,
    "ingredient": 3,
    "quantity": 400.0,
    "quantity_type": "gram"
  }
},
{
  "model": "dishes.ingredientinstance",
  "pk": 6,
  "fields": {
    "dish": 3,
    "ingredient": 4,
    "quantity": 300.0,
    "quantity_type": "gram"
  }
},
{
  "model": "dishes.ingredientinstance",
  "pk": 7,
  "fields": {
    "dish": 3,
    "ingredient": 5,
    "quantity": 3.0,
    "quantity_type": "piece"
  }
},
{
  "model": "dishes.ingredientinstance",
  "pk": 8,
  "fields": {
    "dish": 3,
    "ingredient": 6,
    "quantity": 2.0,
    "quantity_type": "piece"
  }
},
{
  "model": "dishes.ingredientinstance",
  "pk": 9,
  "fields": {
    "dish": 3,
    "ingredient": 7,
    "quantity": 1.0,
    "quantity_type": "piece"
  }
},
{
  "model": "dishes.ingredientinstance",
  "pk": 10,
  "fields": {
    "dish": 3,
    "ingredient": 8,
    "quantity": 2.0,
    "quantity_type": "piece"
  }
},
{
  "model": "dishes.ingredientinstance",
  "pk": 11,
  "fields": {
    "dish": 3,
    "ingredient": 9,
    "quantity": 2.0,
    "quantity_type": "piece"
  }
},
{
  "model": "dishes.ingredientinstance",
  "pk": 12,
  "fields": {
    "dish": 3,
    "ingredient": 10,
    "quantity": 10.0,
    "quantity_type": "gram"
  }
},
{
  "model": "dishes.ingredientinstance",
  "pk": 13,
  "fields": {
    "dish": 3,
    "ingredient": 11,
    "quantity": 4.0,
    "quantity_type": "table spoon"
  }
},
{
  "model": "dishes.ingredientinstance",
  "pk": 14,
  "fields": {
    "dish": 4,
    "ingredient": 12,
    "quantity": 700.0,
    "quantity_type": "gram"
  }
},
{
  "model": "dishes.ingredientinstance",
  "pk": 15,
  "fields": {
    "dish": 4,
    "ingredient": 13,
    "quantity": 2.3,
    "quantity_type": "liters"
  }
},
{
  "model": "dishes.ingredientinstance",
  "pk": 16,
  "fields": {
    "dish": 4,
    "ingredient": 14,
    "quantity": 250.0,
    "quantity_type": "gram"
  }
},
{
  "model": "dishes.ingredientinstance",
  "pk": 17,
  "fields": {
    "dish": 4,
    "ingredient": 15,
    "quantity": 1.0,
    "quantity_type": "tea spoon"
  }
},
{
  "model": "dishes.dish",
  "pk": 1,
  "fields": {
    "author": 1,
    "name": "Яичница",
    "image_main": "dish/main/2023/04/18/fried_egg.jpg",
    "type": 4,
    "recipe": "<ol>\r\n<li>Яйцо помойте с мылом под струёй тёплой воды. Это необходимо для обеспечения безопасности и защиты от возможного заражения сальмонеллой.</li>\r\n<li>Сковородку с невысокими бортами разогрейте на сильном огне. Добавьте кусочек сливочного масла и растопите его до жидкого состояния. Огонь убавьте до среднего.</li>\r\n<li>Вбейте яйцо в сковороду с раскалённым маслом. Постарайтесь не повредить целостность желтка. Круговыми движениями распределите белок так, чтобы он равномерно растёкся по сковороде.</li>\r\n<li>Жарьте яичницу до такого состояния, пока белок полностью не схватится, а желток ещё будет ярко-жёлтым и жидким. Время приготовления яичницы будет зависеть от множества факторов таких, как: размер сковороды, количество яиц и сила огня. Не стоит накрывать яичницу крышкой, иначе желток станет твёрдым.</li>\r\n<li>После того, как яичница достигла необходимой степени готовности, можно слегка посолить или поперчить её по вкусу.</li>\r\n</ol>",
    "complexity": 1,
    "cooking_time": "00:15:00",
    "moderation_status": "added",
    "is_on_home_page": true,
    "date_created": "2023-04-18T08:08:41.795Z",
    "date_updated": "2023-04-18T15:19:20.496Z"
  }
},
{
  "model": "dishes.dish",
  "pk": 2,
  "fields": {
    "author": 1,
    "name": "Обычный завтрак Данилы",
    "image_main": "dish/main/2023/04/18/Danilas_breakfast_1.jpg",
    "type": 4,
    "recipe": "<ol>\r\n<li>Поменяйте имя и фамилию на Данила Ерёмин</li>\r\n<li>Обучитесь джанге</li>\r\n<li>Поступите на работу в гугл</li>\r\n<li>Совершите переезд в Мюнхен, Германия</li>\r\n<li>На завтрак придите в столовую данной компании</li>\r\n</ol>",
    "complexity": 5,
    "cooking_time": "23:59:00",
    "moderation_status": "added",
    "is_on_home_page": true,
    "date_created": "2023-04-18T09:27:13.051Z",
    "date_updated": "2023-04-18T15:19:20.474Z"
  }
},
{
  "model": "dishes.dish",
  "pk": 3,
  "fields": {
    "author": 1,
    "name": "Винегрет",
    "image_main": "dish/main/2023/04/18/vinaigrette.jpg",
    "type": 2,
    "recipe": "<ol>\r\n<li>Картофель, свеклу и морковь вымойте, выложите в кастрюлю, залейте водой и отварите в кожуре до готовности. Затем воду слейте, а овощи охладите. С квашеной капусты слейте рассол, капусту слегка отожмите, иначе салат получится водянистым, а на дне скопится много сока от капусты.</li>\r\n<li>\r\n<p class=\"instruction\">Вареную морковь, маринованные огурцы, варенную свеклу и картофель нарежьте небольшими кубиками.</p>\r\n</li>\r\n<li>\r\n<p class=\"instruction\">Лук очистите, помойте и нарежьте мелким кубиком.</p>\r\n</li>\r\n<li>Консервированный горошек откиньте на сито и обсушите.</li>\r\n<li>\r\n<p class=\"instruction\">Зелень вымойте, обсушите и мелко порубите.</p>\r\n</li>\r\n<li>Переложите нарезанные овощи в салатник, добавьте квашеную капусту и консервированный горошек.</li>\r\n<li>Слегка перемешайте ингредиенты. Посыпьте салат измельченной зеленью, полейте растительным маслом - сюда больше подойдет нерафинированное душистое подсолнечное. Посолите по вкусу и хорошо перемешайте.</li>\r\n<li>Подавать салат можете прямо в салатнике, а можете придать ему более нарядный вид и выложить готовый салат в кулинарное кольцо. Перед подачей кулинарное кольцо снимите и подайте салат к столу. Приятного аппетита!</li>\r\n</ol>",
    "complexity": 3,
    "cooking_time": "01:00:00",
    "moderation_status": "added",
    "is_on_home_page": true,
    "date_created": "2023-04-18T10:08:11.075Z",
    "date_updated": "2023-04-18T15:19:20.433Z"
  }
},
{
  "model": "dishes.dish",
  "pk": 4,
  "fields": {
    "author": 1,
    "name": "Клубничный компот",
    "image_main": "dish/main/2023/04/18/strawberry_compote.jpg",
    "type": 1,
    "recipe": "<ol>\r\n<li>Для начала подготовьте клубнику. Ягоды отбирайте самые красивые, спелые и ароматные, лучше мелкие. Недозрелые, подпорченные и помятые ягоды не годятся для консервирования. Клубнику промойте в тазике с водой небольшими порциями, осторожно пару раз перемешивая её руками. Ещё раз промойте ягоды в чистой воде и аккуратно переложите их в широкую ёмкость, чтобы напитавшиеся водой ягоды не помялись.</li>\r\n<li>Подготовьте все остальные ингредиенты. Лимонную кислоту можно заменить на столовую ложку лимонного сока. Аккуратно удалите у ягод клубники плодоножки. Они легко отрываются руками.</li>\r\n<li>Подготовьте банки для консервации. Можно взять стеклянные банки любой величины. Обязательно помойте банки с пищевой содой. Затем прогрейте их либо над паром, либо в духовке на решётке горлышком вниз в течение 7-10 минут при 180 градусах. Ставьте банки в ещё неразогретую духовку, иначе от резкого перепада температуры они могут треснуть. Крышки также нужно прокипятить в течение 5 минут и остудить.</li>\r\n<li>Положите в стерильную банку подготовленную клубнику так, чтобы она заняла примерно 1/4 объема банки. Для получения более насыщенного компота заполняйте банки на треть.</li>\r\n<li>Насыпьте в банку с ягодами сахар и лимонную кислоту.</li>\r\n<li>Вскипятите чистую воду. Кипящую воду залейте в банку с клубникой. Старайтесь лить воду в центр, чтобы стекло не лопнуло от перепада температуры. Когда жидкость достигнет плечиков, закройте банки крышками при помощи закаточной машинки. Затем аккуратно несколько раз переверните банку, чтобы растворился весь сахар. Заодно так можно проверить герметичность закатки. Благодаря лимонной кислоте клубника начнёт окрашивать компот в яркий цвет.</li>\r\n<li>Поставьте банку с клубничным компотом вверх дном, укутайте пледом или одеялом и оставьте так до полного остывания. Приятного аппетита!</li>\r\n</ol>",
    "complexity": 2,
    "cooking_time": "00:30:00",
    "moderation_status": "added",
    "is_on_home_page": true,
    "date_created": "2023-04-18T10:35:36.973Z",
    "date_updated": "2023-04-18T15:19:20.391Z"
  }
},
{
  "model": "admin.logentry",
  "pk": 1,
  "fields": {
    "action_time": "2023-04-18T07:48:26.388Z",
    "user": 1,
    "content_type": 3,
    "object_id": "1",
    "object_repr": "Напиток",
    "action_flag": 1,
    "change_message": "[{\"added\": {}}]"
  }
},
{
  "model": "admin.logentry",
  "pk": 2,
  "fields": {
    "action_time": "2023-04-18T07:48:30.368Z",
    "user": 1,
    "content_type": 3,
    "object_id": "2",
    "object_repr": "Салат",
    "action_flag": 1,
    "change_message": "[{\"added\": {}}]"
  }
},
{
  "model": "admin.logentry",
  "pk": 3,
  "fields": {
    "action_time": "2023-04-18T07:48:41.383Z",
    "user": 1,
    "content_type": 3,
    "object_id": "3",
    "object_repr": "Суп",
    "action_flag": 1,
    "change_message": "[{\"added\": {}}]"
  }
},
{
  "model": "admin.logentry",
  "pk": 4,
  "fields": {
    "action_time": "2023-04-18T07:52:16.872Z",
    "user": 1,
    "content_type": 3,
    "object_id": "4",
    "object_repr": "Основное блюдо",
    "action_flag": 1,
    "change_message": "[{\"added\": {}}]"
  }
},
{
  "model": "admin.logentry",
  "pk": 5,
  "fields": {
    "action_time": "2023-04-18T08:46:41.795Z",
    "user": 1,
    "content_type": 2,
    "object_id": "1",
    "object_repr": "Яичница",
    "action_flag": 2,
    "change_message": "[{\"changed\": {\"name\": \"\\u043e\\u0431\\u044a\\u0435\\u043a\\u0442 \\u0438\\u043d\\u0433\\u0440\\u0435\\u0434\\u0438\\u0435\\u043d\\u0442\\u0430\", \"object\": \"\\u042f\\u0439\\u0446\\u043e\", \"fields\": [\"\\u041e\\u0431\\u044a\\u0451\\u043c \\u0438\\u043d\\u0433\\u0440\\u0435\\u0434\\u0438\\u0435\\u043d\\u0442\\u0430\"]}}]"
  }
},
{
  "model": "admin.logentry",
  "pk": 6,
  "fields": {
    "action_time": "2023-04-18T09:29:52.495Z",
    "user": 1,
    "content_type": 2,
    "object_id": "2",
    "object_repr": "Обычный завтрак Данилы",
    "action_flag": 2,
    "change_message": "[{\"changed\": {\"fields\": [\"\\u0412\\u0440\\u0435\\u043c\\u044f \\u0433\\u043e\\u0442\\u043e\\u0432\\u043a\\u0438\"]}}, {\"added\": {\"name\": \"\\u043e\\u0431\\u044a\\u0435\\u043a\\u0442 \\u0438\\u043d\\u0433\\u0440\\u0435\\u0434\\u0438\\u0435\\u043d\\u0442\\u0430\", \"object\": \"\\u042f\\u0439\\u0446\\u043e\"}}]"
  }
},
{
  "model": "admin.logentry",
  "pk": 7,
  "fields": {
    "action_time": "2023-04-18T09:30:24.573Z",
    "user": 1,
    "content_type": 2,
    "object_id": "2",
    "object_repr": "Обычный завтрак Данилы",
    "action_flag": 2,
    "change_message": "[{\"changed\": {\"fields\": [\"\\u0412\\u0440\\u0435\\u043c\\u044f \\u0433\\u043e\\u0442\\u043e\\u0432\\u043a\\u0438\"]}}]"
  }
},
{
  "model": "admin.logentry",
  "pk": 8,
  "fields": {
    "action_time": "2023-04-18T09:30:55.292Z",
    "user": 1,
    "content_type": 2,
    "object_id": "2",
    "object_repr": "Обычный завтрак Данилы",
    "action_flag": 2,
    "change_message": "[{\"deleted\": {\"name\": \"\\u043e\\u0431\\u044a\\u0435\\u043a\\u0442 \\u0438\\u043d\\u0433\\u0440\\u0435\\u0434\\u0438\\u0435\\u043d\\u0442\\u0430\", \"object\": \"\\u042f\\u0439\\u0446\\u043e\"}}]"
  }
},
{
  "model": "admin.logentry",
  "pk": 9,
  "fields": {
    "action_time": "2023-04-18T09:31:18.663Z",
    "user": 1,
    "content_type": 2,
    "object_id": "2",
    "object_repr": "Обычный завтрак Данилы",
    "action_flag": 2,
    "change_message": "[{\"added\": {\"name\": \"\\u043e\\u0431\\u044a\\u0435\\u043a\\u0442 \\u0438\\u043d\\u0433\\u0440\\u0435\\u0434\\u0438\\u0435\\u043d\\u0442\\u0430\", \"object\": \"\\u042f\\u0439\\u0446\\u043e\"}}]"
  }
},
{
  "model": "admin.logentry",
  "pk": 10,
  "fields": {
    "action_time": "2023-04-18T09:32:03.562Z",
    "user": 1,
    "content_type": 2,
    "object_id": "2",
    "object_repr": "Обычный завтрак Данилы",
    "action_flag": 2,
    "change_message": "[{\"changed\": {\"fields\": [\"\\u0420\\u0435\\u0446\\u0435\\u043f\\u0442\"]}}]"
  }
},
{
  "model": "admin.logentry",
  "pk": 11,
  "fields": {
    "action_time": "2023-04-18T09:55:25.049Z",
    "user": 1,
    "content_type": 2,
    "object_id": "2",
    "object_repr": "Обычный завтрак Данилы",
    "action_flag": 2,
    "change_message": "[{\"changed\": {\"fields\": [\"\\u0413\\u043b\\u0430\\u0432\\u043d\\u043e\\u0435 \\u0444\\u043e\\u0442\\u043e\"]}}]"
  }
},
{
  "model": "admin.logentry",
  "pk": 12,
  "fields": {
    "action_time": "2023-04-18T10:35:37.000Z",
    "user": 1,
    "content_type": 2,
    "object_id": "4",
    "object_repr": "Клубничный компот",
    "action_flag": 1,
    "change_message": "[{\"added\": {}}, {\"added\": {\"name\": \"\\u043e\\u0431\\u044a\\u0435\\u043a\\u0442 \\u0438\\u043d\\u0433\\u0440\\u0435\\u0434\\u0438\\u0435\\u043d\\u0442\\u0430\", \"object\": \"\\u041a\\u043b\\u0443\\u0431\\u043d\\u0438\\u043a\\u0430\"}}, {\"added\": {\"name\": \"\\u043e\\u0431\\u044a\\u0435\\u043a\\u0442 \\u0438\\u043d\\u0433\\u0440\\u0435\\u0434\\u0438\\u0435\\u043d\\u0442\\u0430\", \"object\": \"\\u0412\\u043e\\u0434\\u0430\"}}, {\"added\": {\"name\": \"\\u043e\\u0431\\u044a\\u0435\\u043a\\u0442 \\u0438\\u043d\\u0433\\u0440\\u0435\\u0434\\u0438\\u0435\\u043d\\u0442\\u0430\", \"object\": \"\\u0421\\u0430\\u0445\\u0430\\u0440\"}}, {\"added\": {\"name\": \"\\u043e\\u0431\\u044a\\u0435\\u043a\\u0442 \\u0438\\u043d\\u0433\\u0440\\u0435\\u0434\\u0438\\u0435\\u043d\\u0442\\u0430\", \"object\": \"\\u041b\\u0438\\u043c\\u043e\\u043d\\u043d\\u0430\\u044f \\u043a\\u0438\\u0441\\u043b\\u043e\\u0442\\u0430\"}}]"
  }
},
{
  "model": "admin.logentry",
  "pk": 13,
  "fields": {
    "action_time": "2023-04-18T15:19:20.411Z",
    "user": 1,
    "content_type": 2,
    "object_id": "4",
    "object_repr": "Клубничный компот",
    "action_flag": 2,
    "change_message": "[{\"changed\": {\"fields\": [\"\\u041e\\u0442\\u043e\\u0431\\u0440\\u0430\\u0436\\u0430\\u0442\\u044c \\u043d\\u0430 \\u0433\\u043b\\u0430\\u0432\\u043d\\u043e\\u0439 \\u0441\\u0442\\u0440\\u0430\\u043d\\u0438\\u0446\\u0435\", \"\\u0421\\u0442\\u0430\\u0442\\u0443\\u0441 \\u043c\\u043e\\u0434\\u0435\\u0440\\u0430\\u0446\\u0438\\u0438\"]}}]"
  }
},
{
  "model": "admin.logentry",
  "pk": 14,
  "fields": {
    "action_time": "2023-04-18T15:19:20.455Z",
    "user": 1,
    "content_type": 2,
    "object_id": "3",
    "object_repr": "Винегрет",
    "action_flag": 2,
    "change_message": "[{\"changed\": {\"fields\": [\"\\u041e\\u0442\\u043e\\u0431\\u0440\\u0430\\u0436\\u0430\\u0442\\u044c \\u043d\\u0430 \\u0433\\u043b\\u0430\\u0432\\u043d\\u043e\\u0439 \\u0441\\u0442\\u0440\\u0430\\u043d\\u0438\\u0446\\u0435\", \"\\u0421\\u0442\\u0430\\u0442\\u0443\\u0441 \\u043c\\u043e\\u0434\\u0435\\u0440\\u0430\\u0446\\u0438\\u0438\"]}}]"
  }
},
{
  "model": "admin.logentry",
  "pk": 15,
  "fields": {
    "action_time": "2023-04-18T15:19:20.485Z",
    "user": 1,
    "content_type": 2,
    "object_id": "2",
    "object_repr": "Обычный завтрак Данилы",
    "action_flag": 2,
    "change_message": "[{\"changed\": {\"fields\": [\"\\u041e\\u0442\\u043e\\u0431\\u0440\\u0430\\u0436\\u0430\\u0442\\u044c \\u043d\\u0430 \\u0433\\u043b\\u0430\\u0432\\u043d\\u043e\\u0439 \\u0441\\u0442\\u0440\\u0430\\u043d\\u0438\\u0446\\u0435\", \"\\u0421\\u0442\\u0430\\u0442\\u0443\\u0441 \\u043c\\u043e\\u0434\\u0435\\u0440\\u0430\\u0446\\u0438\\u0438\"]}}]"
  }
},
{
  "model": "admin.logentry",
  "pk": 16,
  "fields": {
    "action_time": "2023-04-18T15:19:20.506Z",
    "user": 1,
    "content_type": 2,
    "object_id": "1",
    "object_repr": "Яичница",
    "action_flag": 2,
    "change_message": "[{\"changed\": {\"fields\": [\"\\u041e\\u0442\\u043e\\u0431\\u0440\\u0430\\u0436\\u0430\\u0442\\u044c \\u043d\\u0430 \\u0433\\u043b\\u0430\\u0432\\u043d\\u043e\\u0439 \\u0441\\u0442\\u0440\\u0430\\u043d\\u0438\\u0446\\u0435\", \"\\u0421\\u0442\\u0430\\u0442\\u0443\\u0441 \\u043c\\u043e\\u0434\\u0435\\u0440\\u0430\\u0446\\u0438\\u0438\"]}}]"
  }
},
{
  "model": "admin.logentry",
  "pk": 17,
  "fields": {
    "action_time": "2023-04-18T15:21:40.788Z",
    "user": 1,
    "content_type": 4,
    "object_id": "13",
    "object_repr": "Вода",
    "action_flag": 2,
    "change_message": "[{\"changed\": {\"fields\": [\"\\u0421\\u0442\\u0430\\u0442\\u0443\\u0441 \\u043c\\u043e\\u0434\\u0435\\u0440\\u0430\\u0446\\u0438\\u0438\"]}}]"
  }
},
{
  "model": "admin.logentry",
  "pk": 18,
  "fields": {
    "action_time": "2023-04-18T15:22:53.445Z",
    "user": 1,
    "content_type": 4,
    "object_id": "3",
    "object_repr": "Зелёный горошек",
    "action_flag": 2,
    "change_message": "[{\"changed\": {\"fields\": [\"\\u0421\\u0442\\u0430\\u0442\\u0443\\u0441 \\u043c\\u043e\\u0434\\u0435\\u0440\\u0430\\u0446\\u0438\\u0438\"]}}]"
  }
},
{
  "model": "admin.logentry",
  "pk": 19,
  "fields": {
    "action_time": "2023-04-18T15:22:53.483Z",
    "user": 1,
    "content_type": 4,
    "object_id": "4",
    "object_repr": "Капуста квашенная",
    "action_flag": 2,
    "change_message": "[{\"changed\": {\"fields\": [\"\\u0421\\u0442\\u0430\\u0442\\u0443\\u0441 \\u043c\\u043e\\u0434\\u0435\\u0440\\u0430\\u0446\\u0438\\u0438\"]}}]"
  }
},
{
  "model": "admin.logentry",
  "pk": 20,
  "fields": {
    "action_time": "2023-04-18T15:22:53.516Z",
    "user": 1,
    "content_type": 4,
    "object_id": "6",
    "object_repr": "Картошка",
    "action_flag": 2,
    "change_message": "[{\"changed\": {\"fields\": [\"\\u0421\\u0442\\u0430\\u0442\\u0443\\u0441 \\u043c\\u043e\\u0434\\u0435\\u0440\\u0430\\u0446\\u0438\\u0438\"]}}]"
  }
},
{
  "model": "admin.logentry",
  "pk": 21,
  "fields": {
    "action_time": "2023-04-18T15:22:53.550Z",
    "user": 1,
    "content_type": 4,
    "object_id": "12",
    "object_repr": "Клубника",
    "action_flag": 2,
    "change_message": "[{\"changed\": {\"fields\": [\"\\u0421\\u0442\\u0430\\u0442\\u0443\\u0441 \\u043c\\u043e\\u0434\\u0435\\u0440\\u0430\\u0446\\u0438\\u0438\"]}}]"
  }
},
{
  "model": "admin.logentry",
  "pk": 22,
  "fields": {
    "action_time": "2023-04-18T15:22:53.591Z",
    "user": 1,
    "content_type": 4,
    "object_id": "15",
    "object_repr": "Лимонная кислота",
    "action_flag": 2,
    "change_message": "[{\"changed\": {\"fields\": [\"\\u0421\\u0442\\u0430\\u0442\\u0443\\u0441 \\u043c\\u043e\\u0434\\u0435\\u0440\\u0430\\u0446\\u0438\\u0438\"]}}]"
  }
},
{
  "model": "admin.logentry",
  "pk": 23,
  "fields": {
    "action_time": "2023-04-18T15:22:53.625Z",
    "user": 1,
    "content_type": 4,
    "object_id": "7",
    "object_repr": "Лук",
    "action_flag": 2,
    "change_message": "[{\"changed\": {\"fields\": [\"\\u0421\\u0442\\u0430\\u0442\\u0443\\u0441 \\u043c\\u043e\\u0434\\u0435\\u0440\\u0430\\u0446\\u0438\\u0438\"]}}]"
  }
},
{
  "model": "admin.logentry",
  "pk": 24,
  "fields": {
    "action_time": "2023-04-18T15:22:53.652Z",
    "user": 1,
    "content_type": 4,
    "object_id": "5",
    "object_repr": "Маринованные огурцы",
    "action_flag": 2,
    "change_message": "[{\"changed\": {\"fields\": [\"\\u0421\\u0442\\u0430\\u0442\\u0443\\u0441 \\u043c\\u043e\\u0434\\u0435\\u0440\\u0430\\u0446\\u0438\\u0438\"]}}]"
  }
},
{
  "model": "admin.logentry",
  "pk": 25,
  "fields": {
    "action_time": "2023-04-18T15:22:53.673Z",
    "user": 1,
    "content_type": 4,
    "object_id": "9",
    "object_repr": "Морковь",
    "action_flag": 2,
    "change_message": "[{\"changed\": {\"fields\": [\"\\u0421\\u0442\\u0430\\u0442\\u0443\\u0441 \\u043c\\u043e\\u0434\\u0435\\u0440\\u0430\\u0446\\u0438\\u0438\"]}}]"
  }
},
{
  "model": "admin.logentry",
  "pk": 26,
  "fields": {
    "action_time": "2023-04-18T15:22:53.697Z",
    "user": 1,
    "content_type": 4,
    "object_id": "11",
    "object_repr": "Растительное масло",
    "action_flag": 2,
    "change_message": "[{\"changed\": {\"fields\": [\"\\u0421\\u0442\\u0430\\u0442\\u0443\\u0441 \\u043c\\u043e\\u0434\\u0435\\u0440\\u0430\\u0446\\u0438\\u0438\"]}}]"
  }
},
{
  "model": "admin.logentry",
  "pk": 27,
  "fields": {
    "action_time": "2023-04-18T15:22:53.718Z",
    "user": 1,
    "content_type": 4,
    "object_id": "14",
    "object_repr": "Сахар",
    "action_flag": 2,
    "change_message": "[{\"changed\": {\"fields\": [\"\\u0421\\u0442\\u0430\\u0442\\u0443\\u0441 \\u043c\\u043e\\u0434\\u0435\\u0440\\u0430\\u0446\\u0438\\u0438\"]}}]"
  }
},
{
  "model": "admin.logentry",
  "pk": 28,
  "fields": {
    "action_time": "2023-04-18T15:22:53.741Z",
    "user": 1,
    "content_type": 4,
    "object_id": "8",
    "object_repr": "Свекла",
    "action_flag": 2,
    "change_message": "[{\"changed\": {\"fields\": [\"\\u0421\\u0442\\u0430\\u0442\\u0443\\u0441 \\u043c\\u043e\\u0434\\u0435\\u0440\\u0430\\u0446\\u0438\\u0438\"]}}]"
  }
},
{
  "model": "admin.logentry",
  "pk": 29,
  "fields": {
    "action_time": "2023-04-18T15:22:53.762Z",
    "user": 1,
    "content_type": 4,
    "object_id": "2",
    "object_repr": "Сливочное масло",
    "action_flag": 2,
    "change_message": "[{\"changed\": {\"fields\": [\"\\u0421\\u0442\\u0430\\u0442\\u0443\\u0441 \\u043c\\u043e\\u0434\\u0435\\u0440\\u0430\\u0446\\u0438\\u0438\"]}}]"
  }
},
{
  "model": "admin.logentry",
  "pk": 30,
  "fields": {
    "action_time": "2023-04-18T15:22:53.785Z",
    "user": 1,
    "content_type": 4,
    "object_id": "10",
    "object_repr": "Укроп",
    "action_flag": 2,
    "change_message": "[{\"changed\": {\"fields\": [\"\\u0421\\u0442\\u0430\\u0442\\u0443\\u0441 \\u043c\\u043e\\u0434\\u0435\\u0440\\u0430\\u0446\\u0438\\u0438\"]}}]"
  }
},
{
  "model": "admin.logentry",
  "pk": 31,
  "fields": {
    "action_time": "2023-04-18T15:22:53.808Z",
    "user": 1,
    "content_type": 4,
    "object_id": "1",
    "object_repr": "Яйцо",
    "action_flag": 2,
    "change_message": "[{\"changed\": {\"fields\": [\"\\u0421\\u0442\\u0430\\u0442\\u0443\\u0441 \\u043c\\u043e\\u0434\\u0435\\u0440\\u0430\\u0446\\u0438\\u0438\"]}}]"
  }
},
{
  "model": "auth.permission",
  "pk": 1,
  "fields": {
    "name": "Can add user",
    "content_type": 1,
    "codename": "add_user"
  }
},
{
  "model": "auth.permission",
  "pk": 2,
  "fields": {
    "name": "Can change user",
    "content_type": 1,
    "codename": "change_user"
  }
},
{
  "model": "auth.permission",
  "pk": 3,
  "fields": {
    "name": "Can delete user",
    "content_type": 1,
    "codename": "delete_user"
  }
},
{
  "model": "auth.permission",
  "pk": 4,
  "fields": {
    "name": "Can view user",
    "content_type": 1,
    "codename": "view_user"
  }
},
{
  "model": "auth.permission",
  "pk": 5,
  "fields": {
    "name": "Can add блюдо",
    "content_type": 2,
    "codename": "add_dish"
  }
},
{
  "model": "auth.permission",
  "pk": 6,
  "fields": {
    "name": "Can change блюдо",
    "content_type": 2,
    "codename": "change_dish"
  }
},
{
  "model": "auth.permission",
  "pk": 7,
  "fields": {
    "name": "Can delete блюдо",
    "content_type": 2,
    "codename": "delete_dish"
  }
},
{
  "model": "auth.permission",
  "pk": 8,
  "fields": {
    "name": "Can view блюдо",
    "content_type": 2,
    "codename": "view_dish"
  }
},
{
  "model": "auth.permission",
  "pk": 9,
  "fields": {
    "name": "Can add тип блюда",
    "content_type": 3,
    "codename": "add_dishtype"
  }
},
{
  "model": "auth.permission",
  "pk": 10,
  "fields": {
    "name": "Can change тип блюда",
    "content_type": 3,
    "codename": "change_dishtype"
  }
},
{
  "model": "auth.permission",
  "pk": 11,
  "fields": {
    "name": "Can delete тип блюда",
    "content_type": 3,
    "codename": "delete_dishtype"
  }
},
{
  "model": "auth.permission",
  "pk": 12,
  "fields": {
    "name": "Can view тип блюда",
    "content_type": 3,
    "codename": "view_dishtype"
  }
},
{
  "model": "auth.permission",
  "pk": 13,
  "fields": {
    "name": "Can add ингредиент",
    "content_type": 4,
    "codename": "add_ingredient"
  }
},
{
  "model": "auth.permission",
  "pk": 14,
  "fields": {
    "name": "Can change ингредиент",
    "content_type": 4,
    "codename": "change_ingredient"
  }
},
{
  "model": "auth.permission",
  "pk": 15,
  "fields": {
    "name": "Can delete ингредиент",
    "content_type": 4,
    "codename": "delete_ingredient"
  }
},
{
  "model": "auth.permission",
  "pk": 16,
  "fields": {
    "name": "Can view ингредиент",
    "content_type": 4,
    "codename": "view_ingredient"
  }
},
{
  "model": "auth.permission",
  "pk": 17,
  "fields": {
    "name": "Can add объект ингредиента",
    "content_type": 5,
    "codename": "add_ingredientinstance"
  }
},
{
  "model": "auth.permission",
  "pk": 18,
  "fields": {
    "name": "Can change объект ингредиента",
    "content_type": 5,
    "codename": "change_ingredientinstance"
  }
},
{
  "model": "auth.permission",
  "pk": 19,
  "fields": {
    "name": "Can delete объект ингредиента",
    "content_type": 5,
    "codename": "delete_ingredientinstance"
  }
},
{
  "model": "auth.permission",
  "pk": 20,
  "fields": {
    "name": "Can view объект ингредиента",
    "content_type": 5,
    "codename": "view_ingredientinstance"
  }
},
{
  "model": "auth.permission",
  "pk": 21,
  "fields": {
    "name": "Can add фидбек",
    "content_type": 6,
    "codename": "add_feedback"
  }
},
{
  "model": "auth.permission",
  "pk": 22,
  "fields": {
    "name": "Can change фидбек",
    "content_type": 6,
    "codename": "change_feedback"
  }
},
{
  "model": "auth.permission",
  "pk": 23,
  "fields": {
    "name": "Can delete фидбек",
    "content_type": 6,
    "codename": "delete_feedback"
  }
},
{
  "model": "auth.permission",
  "pk": 24,
  "fields": {
    "name": "Can view фидбек",
    "content_type": 6,
    "codename": "view_feedback"
  }
},
{
  "model": "auth.permission",
  "pk": 25,
  "fields": {
    "name": "Can add personal information",
    "content_type": 7,
    "codename": "add_personalinformation"
  }
},
{
  "model": "auth.permission",
  "pk": 26,
  "fields": {
    "name": "Can change personal information",
    "content_type": 7,
    "codename": "change_personalinformation"
  }
},
{
  "model": "auth.permission",
  "pk": 27,
  "fields": {
    "name": "Can delete personal information",
    "content_type": 7,
    "codename": "delete_personalinformation"
  }
},
{
  "model": "auth.permission",
  "pk": 28,
  "fields": {
    "name": "Can view personal information",
    "content_type": 7,
    "codename": "view_personalinformation"
  }
},
{
  "model": "auth.permission",
  "pk": 29,
  "fields": {
    "name": "Can add log entry",
    "content_type": 8,
    "codename": "add_logentry"
  }
},
{
  "model": "auth.permission",
  "pk": 30,
  "fields": {
    "name": "Can change log entry",
    "content_type": 8,
    "codename": "change_logentry"
  }
},
{
  "model": "auth.permission",
  "pk": 31,
  "fields": {
    "name": "Can delete log entry",
    "content_type": 8,
    "codename": "delete_logentry"
  }
},
{
  "model": "auth.permission",
  "pk": 32,
  "fields": {
    "name": "Can view log entry",
    "content_type": 8,
    "codename": "view_logentry"
  }
},
{
  "model": "auth.permission",
  "pk": 33,
  "fields": {
    "name": "Can add permission",
    "content_type": 9,
    "codename": "add_permission"
  }
},
{
  "model": "auth.permission",
  "pk": 34,
  "fields": {
    "name": "Can change permission",
    "content_type": 9,
    "codename": "change_permission"
  }
},
{
  "model": "auth.permission",
  "pk": 35,
  "fields": {
    "name": "Can delete permission",
    "content_type": 9,
    "codename": "delete_permission"
  }
},
{
  "model": "auth.permission",
  "pk": 36,
  "fields": {
    "name": "Can view permission",
    "content_type": 9,
    "codename": "view_permission"
  }
},
{
  "model": "auth.permission",
  "pk": 37,
  "fields": {
    "name": "Can add group",
    "content_type": 10,
    "codename": "add_group"
  }
},
{
  "model": "auth.permission",
  "pk": 38,
  "fields": {
    "name": "Can change group",
    "content_type": 10,
    "codename": "change_group"
  }
},
{
  "model": "auth.permission",
  "pk": 39,
  "fields": {
    "name": "Can delete group",
    "content_type": 10,
    "codename": "delete_group"
  }
},
{
  "model": "auth.permission",
  "pk": 40,
  "fields": {
    "name": "Can view group",
    "content_type": 10,
    "codename": "view_group"
  }
},
{
  "model": "auth.permission",
  "pk": 41,
  "fields": {
    "name": "Can add content type",
    "content_type": 11,
    "codename": "add_contenttype"
  }
},
{
  "model": "auth.permission",
  "pk": 42,
  "fields": {
    "name": "Can change content type",
    "content_type": 11,
    "codename": "change_contenttype"
  }
},
{
  "model": "auth.permission",
  "pk": 43,
  "fields": {
    "name": "Can delete content type",
    "content_type": 11,
    "codename": "delete_contenttype"
  }
},
{
  "model": "auth.permission",
  "pk": 44,
  "fields": {
    "name": "Can view content type",
    "content_type": 11,
    "codename": "view_contenttype"
  }
},
{
  "model": "auth.permission",
  "pk": 45,
  "fields": {
    "name": "Can add session",
    "content_type": 12,
    "codename": "add_session"
  }
},
{
  "model": "auth.permission",
  "pk": 46,
  "fields": {
    "name": "Can change session",
    "content_type": 12,
    "codename": "change_session"
  }
},
{
  "model": "auth.permission",
  "pk": 47,
  "fields": {
    "name": "Can delete session",
    "content_type": 12,
    "codename": "delete_session"
  }
},
{
  "model": "auth.permission",
  "pk": 48,
  "fields": {
    "name": "Can view session",
    "content_type": 12,
    "codename": "view_session"
  }
},
{
  "model": "auth.permission",
  "pk": 49,
  "fields": {
    "name": "Can add kv store",
    "content_type": 13,
    "codename": "add_kvstore"
  }
},
{
  "model": "auth.permission",
  "pk": 50,
  "fields": {
    "name": "Can change kv store",
    "content_type": 13,
    "codename": "change_kvstore"
  }
},
{
  "model": "auth.permission",
  "pk": 51,
  "fields": {
    "name": "Can delete kv store",
    "content_type": 13,
    "codename": "delete_kvstore"
  }
},
{
  "model": "auth.permission",
  "pk": 52,
  "fields": {
    "name": "Can view kv store",
    "content_type": 13,
    "codename": "view_kvstore"
  }
},
{
  "model": "auth.permission",
  "pk": 53,
  "fields": {
    "name": "Can add tag",
    "content_type": 14,
    "codename": "add_tag"
  }
},
{
  "model": "auth.permission",
  "pk": 54,
  "fields": {
    "name": "Can change tag",
    "content_type": 14,
    "codename": "change_tag"
  }
},
{
  "model": "auth.permission",
  "pk": 55,
  "fields": {
    "name": "Can delete tag",
    "content_type": 14,
    "codename": "delete_tag"
  }
},
{
  "model": "auth.permission",
  "pk": 56,
  "fields": {
    "name": "Can view tag",
    "content_type": 14,
    "codename": "view_tag"
  }
},
{
  "model": "auth.permission",
  "pk": 57,
  "fields": {
    "name": "Can add tagged item",
    "content_type": 15,
    "codename": "add_taggeditem"
  }
},
{
  "model": "auth.permission",
  "pk": 58,
  "fields": {
    "name": "Can change tagged item",
    "content_type": 15,
    "codename": "change_taggeditem"
  }
},
{
  "model": "auth.permission",
  "pk": 59,
  "fields": {
    "name": "Can delete tagged item",
    "content_type": 15,
    "codename": "delete_taggeditem"
  }
},
{
  "model": "auth.permission",
  "pk": 60,
  "fields": {
    "name": "Can view tagged item",
    "content_type": 15,
    "codename": "view_taggeditem"
  }
},
{
  "model": "sessions.session",
  "pk": "z92jee9gp8fwm1h7tedh8x7di6pk8cbw",
  "fields": {
    "session_data": ".eJxVjL0OwjAQg98lM1T5IyHdWomZiTm6Sy5qBe3QpAMg3p1U6lJ5sj_bXxapUCgUffmw9qw4PzEPaxn8mmnxY2QtE-yQIYQnzRvYbG52n5uuVvr3bYLxdV8elc0wUb-3DxcD5KHutUootLLWOkCXJOeCtJOJ7BWMCbIKLzERd4QaJVjlgk7CWNRcC4Ps9wfHNj7N:1pon75:TnIwd1FSqVPO6moGwqJGnkEDSmzGcfrhDPP6Kl7k1OI",
    "expire_date": "2023-05-02T15:19:23.317Z"
  }
},
{
  "model": "thumbnail.kvstore",
  "pk": "sorl-thumbnail||image||009a7ee739b6ed098d1d7fead5304e04",
  "fields": {
    "value": "{\"name\": \"dish/main/2023/04/18/Danilas_breakfast_1.jpg\", \"storage\": \"django.core.files.storage.FileSystemStorage\", \"size\": [1282, 962]}"
  }
},
{
  "model": "thumbnail.kvstore",
  "pk": "sorl-thumbnail||image||22975e99f046ac279643be4a45387b36",
  "fields": {
    "value": "{\"name\": \"cache/cb/f5/cbf5631a002bec2d412f7ffa7f0aa3e4.jpg\", \"storage\": \"django.core.files.storage.FileSystemStorage\", \"size\": [500, 500]}"
  }
},
{
  "model": "thumbnail.kvstore",
  "pk": "sorl-thumbnail||image||2eb95e619c85f0fe1790c60314c20df3",
  "fields": {
    "value": "{\"name\": \"cache/81/13/8113a104089af0c8a4884362d42343d4.jpg\", \"storage\": \"django.core.files.storage.FileSystemStorage\", \"size\": [500, 333]}"
  }
},
{
  "model": "thumbnail.kvstore",
  "pk": "sorl-thumbnail||image||33809b005f7f26d3d9927dfa653562fb",
  "fields": {
    "value": "{\"name\": \"dish/main/2023/04/18/fried_egg.jpg\", \"storage\": \"django.core.files.storage.FileSystemStorage\", \"size\": [1440, 959]}"
  }
},
{
  "model": "thumbnail.kvstore",
  "pk": "sorl-thumbnail||image||73fb13dc5902a1fa1fdf12de3fe24249",
  "fields": {
    "value": "{\"name\": \"cache/48/0a/480a5dbb478784f0b29753dfc0d113e5.jpg\", \"storage\": \"django.core.files.storage.FileSystemStorage\", \"size\": [500, 333]}"
  }
},
{
  "model": "thumbnail.kvstore",
  "pk": "sorl-thumbnail||image||7a31b15acc3b420f6b044351c8a906e6",
  "fields": {
    "value": "{\"name\": \"cache/55/37/55376ebcddf97bf8405820d7f1b5561b.jpg\", \"storage\": \"django.core.files.storage.FileSystemStorage\", \"size\": [500, 500]}"
  }
},
{
  "model": "thumbnail.kvstore",
  "pk": "sorl-thumbnail||image||7d9983d1191756377901fd43e35b2896",
  "fields": {
    "value": "{\"name\": \"cache/20/ed/20eda7f5cb04dc3903d0c59f7a4882eb.jpg\", \"storage\": \"django.core.files.storage.FileSystemStorage\", \"size\": [500, 375]}"
  }
},
{
  "model": "thumbnail.kvstore",
  "pk": "sorl-thumbnail||image||92e51944cbc2d3a354fc51c5d466ed8e",
  "fields": {
    "value": "{\"name\": \"dish/main/2023/04/18/strawberry_compote.jpg\", \"storage\": \"django.core.files.storage.FileSystemStorage\", \"size\": [1376, 960]}"
  }
},
{
  "model": "thumbnail.kvstore",
  "pk": "sorl-thumbnail||image||96721b52e8a98dbd7bff0c768912d293",
  "fields": {
    "value": "{\"name\": \"cache/cb/a4/cba4c997ff2e59a46286183f973926bb.jpg\", \"storage\": \"django.core.files.storage.FileSystemStorage\", \"size\": [500, 667]}"
  }
},
{
  "model": "thumbnail.kvstore",
  "pk": "sorl-thumbnail||image||9c6a578589b59e2bd179e61ca8095904",
  "fields": {
    "value": "{\"name\": \"dish/main/2023/04/18/Danilas_breakfast.jpg\", \"storage\": \"django.core.files.storage.FileSystemStorage\", \"size\": [960, 1280]}"
  }
},
{
  "model": "thumbnail.kvstore",
  "pk": "sorl-thumbnail||image||aeaf0e384e3ce6368e87fc56aa727cc5",
  "fields": {
    "value": "{\"name\": \"cache/8c/96/8c9661211e5aa448e79fc577705217e1.jpg\", \"storage\": \"django.core.files.storage.FileSystemStorage\", \"size\": [500, 349]}"
  }
},
{
  "model": "thumbnail.kvstore",
  "pk": "sorl-thumbnail||image||bfddc821b3ca1b1168a73b87c6c03951",
  "fields": {
    "value": "{\"name\": \"dish/main/2023/04/18/vinaigrette.jpg\", \"storage\": \"django.core.files.storage.FileSystemStorage\", \"size\": [1440, 960]}"
  }
},
{
  "model": "thumbnail.kvstore",
  "pk": "sorl-thumbnail||image||c9838d6f4a2c5300cc0475041eb52645",
  "fields": {
    "value": "{\"name\": \"cache/51/92/5192a525297c574f1dfcc177d63d611a.jpg\", \"storage\": \"django.core.files.storage.FileSystemStorage\", \"size\": [500, 500]}"
  }
},
{
  "model": "thumbnail.kvstore",
  "pk": "sorl-thumbnail||image||ee219b7e5012427b9f9d33e92bbfd4f5",
  "fields": {
    "value": "{\"name\": \"cache/39/b1/39b185b881c63f9d8f157f5237486fed.jpg\", \"storage\": \"django.core.files.storage.FileSystemStorage\", \"size\": [500, 500]}"
  }
},
{
  "model": "thumbnail.kvstore",
  "pk": "sorl-thumbnail||image||ff460812de31c95af29e3b71b2744aaa",
  "fields": {
    "value": "{\"name\": \"cache/9b/17/9b1724d974a37d5e39134d118e4a81d6.jpg\", \"storage\": \"django.core.files.storage.FileSystemStorage\", \"size\": [500, 500]}"
  }
},
{
  "model": "thumbnail.kvstore",
  "pk": "sorl-thumbnail||thumbnails||009a7ee739b6ed098d1d7fead5304e04",
  "fields": {
    "value": "[\"7d9983d1191756377901fd43e35b2896\", \"7a31b15acc3b420f6b044351c8a906e6\"]"
  }
},
{
  "model": "thumbnail.kvstore",
  "pk": "sorl-thumbnail||thumbnails||33809b005f7f26d3d9927dfa653562fb",
  "fields": {
    "value": "[\"ff460812de31c95af29e3b71b2744aaa\", \"2eb95e619c85f0fe1790c60314c20df3\"]"
  }
},
{
  "model": "thumbnail.kvstore",
  "pk": "sorl-thumbnail||thumbnails||92e51944cbc2d3a354fc51c5d466ed8e",
  "fields": {
    "value": "[\"aeaf0e384e3ce6368e87fc56aa727cc5\", \"ee219b7e5012427b9f9d33e92bbfd4f5\"]"
  }
},
{
  "model": "thumbnail.kvstore",
  "pk": "sorl-thumbnail||thumbnails||9c6a578589b59e2bd179e61ca8095904",
  "fields": {
    "value": "[\"22975e99f046ac279643be4a45387b36\", \"96721b52e8a98dbd7bff0c768912d293\"]"
  }
},
{
  "model": "thumbnail.kvstore",
  "pk": "sorl-thumbnail||thumbnails||bfddc821b3ca1b1168a73b87c6c03951",
  "fields": {
    "value": "[\"73fb13dc5902a1fa1fdf12de3fe24249\", \"c9838d6f4a2c5300cc0475041eb52645\"]"
  }
},
{
  "model": "taggit.tag",
  "pk": 1,
  "fields": {
    "name": "Быстро",
    "slug": "быстро"
  }
},
{
  "model": "taggit.tag",
  "pk": 2,
  "fields": {
    "name": "Сытно",
    "slug": "сытно"
  }
},
{
  "model": "taggit.tag",
  "pk": 3,
  "fields": {
    "name": "Немецкая кухня",
    "slug": "немецкая-кухня"
  }
},
{
  "model": "taggit.tag",
  "pk": 4,
  "fields": {
    "name": "Дорого",
    "slug": "дорого"
  }
},
{
  "model": "taggit.tag",
  "pk": 5,
  "fields": {
    "name": "Праздничное",
    "slug": "праздничное"
  }
},
{
  "model": "taggit.tag",
  "pk": 6,
  "fields": {
    "name": "Популярное",
    "slug": "популярное"
  }
},
{
  "model": "taggit.tag",
  "pk": 7,
  "fields": {
    "name": "Вегетарианское",
    "slug": "вегетарианское"
  }
},
{
  "model": "taggit.tag",
  "pk": 8,
  "fields": {
    "name": "Сладкое",
    "slug": "сладкое"
  }
},
{
  "model": "taggit.tag",
  "pk": 9,
  "fields": {
    "name": "На зиму",
    "slug": "на-зиму"
  }
},
{
  "model": "taggit.taggeditem",
  "pk": 1,
  "fields": {
    "tag": 1,
    "content_type": 2,
    "object_id": 1
  }
},
{
  "model": "taggit.taggeditem",
  "pk": 2,
  "fields": {
    "tag": 2,
    "content_type": 2,
    "object_id": 2
  }
},
{
  "model": "taggit.taggeditem",
  "pk": 3,
  "fields": {
    "tag": 3,
    "content_type": 2,
    "object_id": 2
  }
},
{
  "model": "taggit.taggeditem",
  "pk": 4,
  "fields": {
    "tag": 4,
    "content_type": 2,
    "object_id": 2
  }
},
{
  "model": "taggit.taggeditem",
  "pk": 5,
  "fields": {
    "tag": 5,
    "content_type": 2,
    "object_id": 3
  }
},
{
  "model": "taggit.taggeditem",
  "pk": 6,
  "fields": {
    "tag": 6,
    "content_type": 2,
    "object_id": 3
  }
},
{
  "model": "taggit.taggeditem",
  "pk": 7,
  "fields": {
    "tag": 7,
    "content_type": 2,
    "object_id": 3
  }
},
{
  "model": "taggit.taggeditem",
  "pk": 8,
  "fields": {
    "tag": 8,
    "content_type": 2,
    "object_id": 4
  }
},
{
  "model": "taggit.taggeditem",
  "pk": 9,
  "fields": {
    "tag": 9,
    "content_type": 2,
    "object_id": 4
  }
}
]
